{
  "project_info": {
    "project_number": "1062168645561",
    "project_id": "gameio-c7058",
    "storage_bucket": "gameio-c7058.appspot.com"
  },
  "client": [
    {
      "client_info": {
        "mobilesdk_app_id": "1:1062168645561:android:65321cd6e0d144d91e7068",
        "android_client_info": {
          "package_name": "com.fyp.gameio"
        }
      },
      "oauth_client": [
        {
          "client_id": "1062168645561-5i4p2k3e5qaljs962oh0fvprt9ns4pkv.apps.googleusercontent.com",
          "client_type": 3
        }
      ],
      "api_key": [
        {
          "current_key": "AIzaSyBXHyUdfd2tVXDtZwmHjUovX3VJDSBvsYc"
        }
      ],
      "services": {
        "appinvite_service": {
          "other_platform_oauth_client": [
            {
              "client_id": "1062168645561-5i4p2k3e5qaljs962oh0fvprt9ns4pkv.apps.googleusercontent.com",
              "client_type": 3
            }
          ]
        }
      }
    }
  ],
  "configuration_version": "1"
}